backend,iterations,direct_mean_ms,direct_std_ms,orchestrated_mean_ms,orchestrated_std_ms,added_overhead_ms,relative_factor
chemical,25,2.126913,0.255836,2.487564,0.455581,0.360651,1.169566
wetware,25,0.072944,0.040328,0.267419,0.068704,0.194475,3.666063
edge,25,0.132096,0.052916,0.320671,0.030642,0.188576,2.427569
